{
    "qlx": 0.015000000000000003,
    "qly": 0.035980762113533155,
    "qlz": 0.0135,
    "core_area_ratio": 0.17504010035919915,
    "lx": 0.030000000000000006,
    "ly": 0.035980762113533155,
    "lz": 0.027
}