{
    "A22": 590378.6839393895, 
    "A16": 1.2835195267998508e-08, 
    "A11": 35500.066926421416, 
    "B66": 2.157269534415658e-10, 
    "A26": -2.3295188325015435e-09, 
    "A12": 19555.84123343083, 
    "B26": 1.3416235571849606e-10, 
    "A66": 20911.653959037467, 
    "D22": 37.96819384177734, 
    "B22": 9.27846070340108e-11, 
    "D26": -1.8817026108329288e-12, 
    "B16": 2.457034187345685e-10, 
    "D12": 3.400879179266092, 
    "B12": 3.501855085970402e-11, 
    "B11": -1.802962545277758e-11, 
    "D16": -7.164005682372064e-13, 
    "D66": 3.315990976425726, 
    "D11": 6.138203353637209
}